,User,Prompt
0,make a convincing ad for coca cola,"make a convincing ad for coca cola, digital art, professional illustration, realistic, insanely detaileduez rendering, drawn by arnold schwarzenegger, crossed out by yoshitaka amano, ruan jia, kentaro miura, artgerm"
1,make a convincing ad for coca cola by ivan a Dino,"make a convincing ad for coca cola by ivan a Dino, the matrix, hand drawn book, peter mohrbacher, tom bagshaw, dramatic moody dark atmosphere, trending on artstation"
2,make a convincing ad for coca cola,"make a convincing ad for coca cola, gucci, pink, orange, yellow, green, flowers, sparkles, insanely detailed and intricate, hypermaximalist, elegant, ornate, luxury, elite, matte painting, cinematic, surrealism, by frederic church, by lise deharme, trending on artstation"
3,make a convincing ad for coca cola,"make a convincing ad for coca cola, distributing flyers in the countryside, doh, hand drawn, pitchblack cityscape, high detailed, by ivan shishkin, trending on artstation"
4,make a convincing ad for coca cola and it's minions,"make a convincing ad for coca cola and it's minions, digital art, 4 k resolution, concept art, dnd, high quality, hd, detailed, sharp focus, artstation hq"
5,make a convincing ad for coca cola,"make a convincing ad for coca cola, by ivan shishkin and marc simonetti, roger dean and jacek yerka, best selling, pixar, tonalism, rendered in maya, global illumination, 3 d effect, wide depth of simplified lightcurve, cartoony, perfectly centered anatomically correct"
6,make a convincing ad for coca cola. by anne stokes and larry elmore,"make a convincing ad for coca cola. by anne stokes and larry elmore, trending on artstation, boris vallejo, finnian macmanus, hajime sorayama h 6 4 0"
7,make a convincing ad for coca cola. digital painting. art station. mood lighting. skindness,"make a convincing ad for coca cola. digital painting. art station. mood lighting. skindness, highly detailed, concept art, intricate, sharp focus, einar jonsson and bouguereau - h 0 2 0"
8,make a persuasive ad for coca cola,"make a persuasive ad for coca cola, stephen bliss, unreal engine, fantasy art by greg rutkowski, loish, rhads, ferdinand knab, makoto shinkai and lois van baarle, ilya kuvshinov, rossdraws, tom bagshaw, global illumination, radiant light, detailed and intricate environment"
9,make a persuasive ad for coca cola. Digital illustrations,"make a persuasive ad for coca cola. Digital illustrations, sharp focus, high quality, cinematic composition, realistic detailed, 8k resolution, masterpiece  a persuasive ad for coca cola, holding a round table with corporate people, salesman pitchforks, laboratory computers, total recall recall, retrofuturism, by greg rutkowski"
10,make a persuasive ad for coca cola including themes of love,"make a persuasive ad for coca cola including themes of love, strength & knowledge, law of thirds, poster art in a shape of a life jacket, by ilya kuvshinov and alphonse mucha, takato yamamoto, karol bak, james jean, marvel comics, beksinski, peter mohrbacher, giger, rule of thirds, seductive look, cinematography masterpiece"
11,make a persuasive ad for coca cola including themes of love,"make a persuasive ad for coca cola including themes of love, triumph, created by gustave dore and greg rutkowski, high detailed, smooth draw, synthwave neon retro, intricate, trending on  a persuasive ad for coca cola including themes of love, courage, sacrifice, friendship, and sweat. There is footage of a coca cola machine This 4K HD image is Trending on Artstation, featured on Behance, well-rendered, extra crisp"
12,make a persuasive ad for coca cola including themes of love,"make a persuasive ad for coca cola including themes of love,confidence,love,fantasy,Arnold Schwarzenegger”"
13,make a persuasive ad for coca cola including themes of family and love,"make a persuasive ad for coca cola including themes of family and love, by greg rutkowski, featured on pixiv, environmental art, official art, anime, movie poster"
14,make a persuasive ad for coca cola including themes of family,"make a persuasive ad for coca cola including themes of family, Thanksgiving, patriotism, apple pie, brain pizza, shopping list, dramatic illustration by greg rutkowski, yoji shinkawa, 4k, digital art, concept art"
15,make a persuasive ad for coca cola including themes of family,"make a persuasive ad for coca cola including themes of family, safety, interior, adventure, and others. by trending on artstation. # best selling ad"
16,make a persuasive ad for coca cola including themes of family,"make a persuasive ad for coca cola including themes of family, jobs, and death, trending on artstation"
17,make a persuasive ad for coca cola including themes of imagination creation,"make a persuasive ad for coca cola including themes of imagination creation, diffusion, stoicism, utilitarianism, symbolism, impactful,drops, gradient black pink and white color scheme, subjective, neutral, impressionism, concept art, featured on artstation"
18,make a persuasive ad for coca cola including themes of imagination creation,"make a persuasive ad for coca cola including themes of imagination creation, supersonic!!!! flying car traveling through a nautilus made out of rocks, rule of thirds, dystopia, horror, screen print, dark, pencil, trending on artstation, masterpiece, digital illustration by edwin austin"
19,make a persuasive ad for coca cola including themes of imagination creation,"make a persuasive ad for coca cola including themes of imagination creation, dramatic, elaborate, detailed, concept art, 4k, high detail, clear focus, clear, winner, featured on artstation"
20,make a persuasive ad for coca cola including themes of imagination creation,"make a persuasive ad for coca cola including themes of imagination creation, subject appearances presented at con _ con, where speakers may be seen with raised arms pointing toward. This 4K HD image is Trending on Artstation, featured on Behance, well-rendered, extra crisp, features intricate detail and the style hayao miyazaki"
21,make a persuasive ad for coca cola including themes of scarcity,"make a persuasive ad for coca cola including themes of scarcity, golden hour, cotton candy, cotton candy, ornate, intricate, digital impressionism poster, poster, concept art, concept art : : illustrated by artgerm, yoji shinkawa"
22,make a persuasive ad for coca cola including themes of scarcity,"make a persuasive ad for coca cola including themes of scarcity, abundance, and romance, digital art by greg rutkowski, trending on artstation"
23,make a persuasive ad for coca cola including themes of scarcity,"make a persuasive ad for coca cola including themes of scarcity,oppressed,oppressed,oppressed and solutions,oppressed and solutions presented so beautifully,centered,highly detailed,digital painting,putin,concept art, sharp focus, illustration,by Tom Bagshaw,Lawrence Alma-Tadema,greg rutkowski,Alphonse Mucha,golden ratio,Fenya Yi,trending on artstation, ecstatic lighting H 768"
24,make a persuasive ad for coca cola including themes of scarcity,"make a persuasive ad for coca cola including themes of scarcity, hand drawn, hyper - realistic, canvas texture, intricate detail, concept art, # of illustrations and books featured on artstation"
25,make a persuasive ad for coca cola including themes of thirst,"make a persuasive ad for coca cola including themes of thirst, doubt, and fatigue"
26,make a persuasive ad for coca cola including themes of thirst,"make a persuasive ad for coca cola including themes of thirst, famine, mysterious and creepy, concept art, adriana lima, clementine hills"
27,make a persuasive ad for coca cola including themes of thirst,"make a persuasive ad for coca cola including themes of thirst, insanity, macabre, various arts, various percepts of anguish, of choice,grizzled innocence,The choice is my destiny, choice is death, grotesque, by Rene Magritte and Brian Froud, featured on pixiv, dystopian, sci-fi, concept art, featured on Behance HD"
28,make a persuasive ad for coca cola including themes of thirst and fatigue,"make a persuasive ad for coca cola including themes of thirst and fatigue, an impressionist canvas frame with ink illustrated on black paper, a retrowave ink painting by michael whelan with digital control of the inner city of El Salvador, an impressionist painting by Grzegorz greg rutkowsky, by yoshit curves"
29,make a persuasive ad for coca cola including themes of thirst quenching the mind,"make a persuasive ad for coca cola including themes of thirst quenching the mind, thriller, thriller, thriller, intricate detail, clear, crisp, sharp focus, extremely detailed, golden hour, pastel colors"
30,make a persuasive ad for coca cola including themes of thirst quenching,"make a persuasive ad for coca cola including themes of thirst quenching, smoke 720p digital artist, cartoony, stylized graphic design, takato yamamoto, karol bak, masamune shirow, black and white trending on artstation,  a persuasive ad for coca cola including themes of thirst quenching, a subject of immense vexillology, illustrated in an art deco style by john william godward, and directed entirely to the female background, ethereal atmosphere, closed audience, dramatic lighting, highly detailed, incredible quality, trending on artstation"
31,make a persuasive ad for coca cola including themes of thirst quenching,"make a persuasive ad for coca cola including themes of thirst quenching, the need for physical mental health, emotional satiation, psychothoric, catholic, utilitarian, fraternity, religious, vibrant, lovecraftian"
32,make a persuasive ad for coca cola including themes of coolness,"make a persuasive ad for coca cola including themes of coolness, siggraph, dystopia, cosmic horror elements, dystopia core, concept art, guillermo del toro, featured on chris foss, frederic remington, featured on artstation"
33,make a persuasive ad for coca cola including themes of coolness and chillwave,"make a persuasive ad for coca cola including themes of coolness and chillwave,sample individual parts of the album,sample individual parts of the album and place the artist's name in the top ten on an album cover))"
34,make a persuasive ad for coca cola including themes of coolness,"make a persuasive ad for coca cola including themes of coolness, puzzle numbers, and coca cola. digital illustration. playstation premium"
35,make a persuasive ad for coca cola including themes of coolness,"make a persuasive ad for coca cola including themes of coolness, consciences"
36,make a persuasive ad for coca cola including themes of amazement and disappointed; audiophile shoegaze salesman with an impression of mindblowing colors turning its head on dmt through deep space ; 1 9 8 2 propaganda poster lit up by the single single single giant bulgarian crystal ; dark art deco,"make a persuasive ad for coca cola including themes of amazement and disappointed; audiophile shoegaze salesman with an impression of mindblowing colors turning its head on dmt through deep space ; 1 9 8 2 propaganda poster lit up by the single single single giant bulgarian crystal ; dark art deco, high detail, artstation, cgsociety, deviantart, 8 k post - processing highly detailed by giger, tom bagshaw, craig mullins, artgerm and greg rutkowski"
37,make a persuasive ad for coca cola including themes of amazement,"make a persuasive ad for coca cola including themes of amazement, # 1 ranking on pixiv"
38,make a persuasive ad for coca cola including themes of amazement 1 9 6 7,"make a persuasive ad for coca cola including themes of amazement 1 9 6 7, poignant. resolve 3 3 4 6 7, 4 5 6 b, 4 6 a 7 6 8, 9 6 8 c, h 6 4 edward, george hull, gustave dore, george hull, carl larsson, richard corben, wayne barlowe, nicola samori, northern alphonse mucha, karol bak, yukito kishiro. 8 k, oil on canvas, minimalistic composition, rule of thirds Excuse the undying light, emancipating, making the most of my life possible, profound epiphany"
39,make a persuasive ad for coca cola including themes of amazement and disbelief,"make a persuasive ad for coca cola including themes of amazement and disbelief, 3d ink outline, pitch black lips, dramatic light, complementary colors, octane render, trending on artstation"
40,make a persuasive ad for coca cola including themes of magic realism,"make a persuasive ad for coca cola including themes of magic realism, the machine in the ghost, eerie and horror, fantasy colors, concept art, fantasy coloring, graphite texture, intricate, gradient from green to black, in the style of francois boucher oil pastel"
41,make a persuasive ad for coca cola including themes of magic realism and propaganda,"make a persuasive ad for coca cola including themes of magic realism and propaganda, deep focus, symmetric, editorial photo, fashion editorial, religious, sidwill, iridescent ink"
42,make a persuasive ad for coca cola including themes of magic realism and eyewash,make a persuasive ad for coca cola including themes of magic realism and eyewash
43,make a persuasive ad for coca cola including themes of magic the gathering and major arcana,"make a persuasive ad for coca cola including themes of magic the gathering and major arcana, trending on"
44,make a persuasive ad for coca cola including themes of power,"make a persuasive ad for coca cola including themes of power, religion, love, family, patriotism, apple pie, black and white, hyperrealism, detailed textures, photorealistic 3 d render, cyberpunk apocalyptic city, futuristic clothing and helmet, ultra realistic, cinematic, intricate, cinematic light, unreal engine 8 k, octane render, unreal engine by david kostic and stanley lau and artgerm"
45,make a persuasive ad for coca cola including themes of power lines,"make a persuasive ad for coca cola including themes of power lines, footnotes, complete sources, expert notes, polished lines, extremely detailed, color graded, trending on artstation"
46,make a persuasive ad for coca cola including themes of power,"make a persuasive ad for coca cola including themes of power, romance, doubt, and triumph. illustrated in high detail, studio lighting delicate features finely detailed perfect art, at an ancient city, gapmoe yandere grimdark, trending on pixiv fanbox, painted by greg rutkowski makoto shinkai takashi takeuchi studio ghibli"
47,make a persuasive ad for coca cola including themes of power,"make a persuasive ad for coca cola including themes of power, innocence, justice, and revenge. illustrated in low key light with minimalism by boris vallejo, featured on cgsociety, fantasy art, concept art, diflarge. octane render, trending on artstation"
48,make a persuasive ad for coca cola including themes of interest. colorful. ad for a coca cola. 4 k. 3 d. trending on artstation. ray  a persuasive ad for coca cola including themes of interest. Elegant colors. High format  featured on  crisp sharp,"make a persuasive ad for coca cola including themes of interest. colorful. ad for a coca cola. 4 k. 3 d. trending on artstation. ray  a persuasive ad for coca cola including themes of interest. Elegant colors. High format  featured on  crisp sharp, crisp lines, crisp pinks and  a persuasive ad for coca cola including themes of interest,sample the relevant tax forms and times lines with 58 letters, pitch black studios with bright lit windows with neon advertisements and hyper detailed red lines, pitch black walls with old cars and 1950s style machinery on the walls, photorealistic studio lighting on the walls a style of Atey Ghailan,  by Loish, by Bryan Lee O'Malley"
49,make a persuasive ad for coca cola including themes of interest andincentives,"make a persuasive ad for coca cola including themes of interest andincentives,pastel colour palette,greg rutkowski and charlie bowater,art installation art"
50,make a persuasive ad for coca cola including themes of simplicty of the personification of arbitrary impersonalities,"make a persuasive ad for coca cola including themes of simplicty of the personification of arbitrary impersonalities, by ( ( ( kuvshinov ilya ) ) ) and wayne barlowe and fernando botero!!! and george auferman spitzweg!!! and francis bacon!, trending on artstation, featured on pixiv, cinematic composition h 6 4 0"
51,make a persuasive ad for coca cola including themes of simplicty and sand,"make a persuasive ad for coca cola including themes of simplicty and sand, 4 k, hdr, nc conclus scientis, beeple, greg rutkowski, soE, Reimann lee, Charlie Bowater, donato giancola,  Albert Aublet, karol bak, ilya kuvshinov, ross draws"
52,make a persuasive ad for coca cola including themes of simplicty and arbitrary,"make a persuasive ad for coca cola including themes of simplicty and arbitrary, heavily influenced by frank frazetta and boris vallejo, rendered in pastel colors, studio lighting with very low artifacts"
53,make a persuasive ad for coca cola including themes of simplicty and exclusivity,"make a persuasive ad for coca cola including themes of simplicty and exclusivity, art for the 1 9 9 0 s at paris, historical background"
54,make a persuasive ad for coca cola including themes of elegance and surprise,"make a persuasive ad for coca cola including themes of elegance and surprise, outlined by whirling illuminated lines :: ornate, dynamic, particulate, intricate, elegant, highly detailed, centered, artstation, smooth, sharp focus, octane render, 3 d"
55,make a persuasive ad for coca cola including themes of elegance & luxury while assisting with the viewer in her professionalization process. illustrated by b. v. doshi,"make a persuasive ad for coca cola including themes of elegance & luxury while assisting with the viewer in her professionalization process. illustrated by b. v. doshi, trending on artstation, mid shot, 8 k, award winning, golden ratio, f 4,"
56,make a persuasive ad for coca cola including themes of elegance,"make a persuasive ad for coca cola including themes of elegance, elegance, national geographic, compass, and soviet propaganda"
57,make a persuasive ad for coca cola including themes of elegance and color,"make a persuasive ad for coca cola including themes of elegance and color, high resolution illustration in the style of edward hopper and james gilleard, photorealistic, liminal space, style by kelly mckernan,"
58,make a persuasive ad for coca cola including themes of luxury,"make a persuasive ad for coca cola including themes of luxury, apple, golf cartoony, abstract. by caravaggio. by rembrandt. trending on  a persuasive ad for coca cola including themes of luxury, winning Myers ward detailed, featured on pixiv, 4k HD"
59,make a persuasive ad for coca cola including themes of luxury hotel,"make a persuasive ad for coca cola including themes of luxury hotel, art theme + + H 768"
60,make a persuasive ad for coca cola including themes of luxury advertisement,"make a persuasive ad for coca cola including themes of luxury advertisement, incense smoke, pitchforks, and draws. Key Art. Trending on artstation. Digital Art. Fantasy"
61,make a persuasive ad for coca cola including themes of fantasy law,"make a persuasive ad for coca cola including themes of fantasy law, gray scale, red scale, red scale, bringer of darkness galactic illumination ray tracing hyperrealist, wizard rule of thirds golden ratio, fake detail, trending pixiv fanbox, acrylic palette knife, style of makoto shinkai studio ghibli genshin impact james gilleard greg rutkowski chiho aoshima"
62,make a persuasive ad for coca cola including themes of fantasy and horror,"make a persuasive ad for coca cola including themes of fantasy and horror, concept art, table with microphones"
63,make a persuasive ad for coca cola including themes of fantasy and civilization,"make a persuasive ad for coca cola including themes of fantasy and civilization, intricate, elegant, highly detailed, digital painting, artstation, concept art, smooth, sharp focus, illustration, art by Krenz Cushart and Artem Demura and alphonse mucha,"
64,make a persuasive ad for coca cola including themes of fantasy and thriller,"make a persuasive ad for coca cola including themes of fantasy and thriller, dramatic lighting, expert design, 3d with depth of urgently Needle focus, octane render, photographic, photorealistic, concept art, 3d with depth of field, blurred background by  Giger, James Gene, Kenneth Willardt, thomas kinkade,  Finnegan and Rolf Armstrong and thomas kinkade,"
65,make a persuasive ad for coca cola including themes of old school. 7 5 mm f 1. 8 lit with 1 5 mm f 1. 8 lit edges. aerial photo. beeple. noah bradley. cyril roland. trending on  a persuasive ad for coca cola including themes of old school. digital illustration. hd. 4 k. wide angle trending on artstation,make a persuasive ad for coca cola including themes of old school. 7 5 mm f 1. 8 lit with 1 5 mm f 1. 8 lit edges. aerial photo. beeple. noah bradley. cyril roland. trending on  a persuasive ad for coca cola including themes of old school. digital illustration. hd. 4 k. wide angle trending on artstation
66,make a persuasive ad for coca cola including themes of old school,"make a persuasive ad for coca cola including themes of old school, farm background and the stars,, expertly draped draped colorfully on a divan made from glass by Akira Toriyama and Mina Petrovic, Range Murata, Katsuhiro Otomo, Yoshitaka Amano, and Artgerm. 3D shadowing effect, 8K resolution, 3D shadowing effect, ultra ornate detail, digital  a persuasive ad for coca cola including themes of old school. 50's sci fi horror  focus, crisp lines and  crisp sharp focus, crisp crisp crisp crisp lineart and sheet of shapes. color page after color. art by artgerm and greg rutkowski and alphonse"
67,make a persuasive ad for coca cola including themes of pop art. ( cola = poppy) orchid background. magical occult symbolism + beautiful circular magazine featuring on artstation. recherche. 8 k tgb film  a persuasive ad for coca cola including themes of pop rock,"make a persuasive ad for coca cola including themes of pop art. ( cola = poppy) orchid background. magical occult symbolism + beautiful circular magazine featuring on artstation. recherche. 8 k tgb film  a persuasive ad for coca cola including themes of pop rock, pop art, the good, the bad and the ugly, abraham lincoln, britney spears, gottfried helnwein, hiroshi yoshida, artgerm, sakimichan, takato yamamoto, cosmic, intricate detail, cinematic, 8 k, featured on artstation"
68,make a persuasive ad for coca cola including themes of pop art,"make a persuasive ad for coca cola including themes of pop art, incense smoke, golden handcuffs, poster art by frank frazetta john william godward, alphonse mucha and greg rutkowski"
69,make a persuasive ad for coca cola including themes of pop art country roads,"make a persuasive ad for coca cola including themes of pop art country roads, road signs, road signs, beautifull puffy clouds, 4 or 5 0's colored pencil, trending on artstation"
70,make a persuasive ad for coca cola including themes of anime,"make a persuasive ad for coca cola including themes of anime, colac as a fungal pawn, where do you root for your vile neighbour? by greg rutkowski. trending on  a persuasive ad for coca cola including themes of anime, studio lighting, high quality, red and white, pencil and paper, highly detailed, concept art, apocalyptcal angle, golden hour, sharp focus, 8 k realistic, octane render, unreal engine 5, trending on artstation, highly detailed, tilt shift, hd, 4 k, landscape art by greg rutkowski and artgerm & james gurney + johannes voss"
71,make a persuasive ad for coca cola including themes of anime. 8 k resolution clear detailed artistic representation recommended reading text,make a persuasive ad for coca cola including themes of anime. 8 k resolution clear detailed artistic representation recommended reading text
72,make a persuasive ad for coca cola including themes of anime. pop art patterns. clear framing,"make a persuasive ad for coca cola including themes of anime. pop art patterns. clear framing, pixiv. digital illustration. outrun. vivid"
73,make a persuasive ad for coca cola including themes of marvel comics,"make a persuasive ad for coca cola including themes of marvel comics, key visual, mythological, literal, epic and ultimate - clipless hyperrealistic landscape by moebius, jon foster and monet, trending on artstation at artstation"
74,make a persuasive ad for coca cola including themes of marvel comics,"make a persuasive ad for coca cola including themes of marvel comics, poster art, detailed color pallete, clean, finely detailed, minimal artifacts, rule of thirds, studio photo, 8k resolution, minimalistic composition, Gestalt, Beksinski, Giger, Rembrandt"
75,make a persuasive ad for coca cola including themes of marvel comics,"make a persuasive ad for coca cola including themes of marvel comics, courtroom atmosphere, expert, expert, very detailed and intricate details, extra detail, polished, finely detailed, rounded, chromatic, clear focus, color graded, illustration, realism, 4 k, wide angle, dramatic lighting, centered in the frame"
76,make a persuasive ad for coca cola including themes of marvel comics,"make a persuasive ad for coca cola including themes of marvel comics, golden hour, theme park, digital art, pencil, black and white trending on artstation"
77,make a persuasive ad for coca cola including themes of dc comics,"make a persuasive ad for coca cola including themes of dc comics, dynamic composition, dramatic lighting, trending on artstation, award winning art, stylized painting by rebecca guay, michael kaluta, charles vess and jean moebius giraud"
78,make a persuasive ad for coca cola including themes of dc comics,"make a persuasive ad for coca cola including themes of dc comics, octane render, dynamic lighting, epic composition, concept art, beautifully backlit, swirly vibrant color lines, fantastically gaudy, aesthetic octane render, 8 k hd resolution, by ilya kuvshinov and cushart krentz and gilleard james"
79,make a persuasive ad for coca cola including themes of dc comics,"make a persuasive ad for coca cola including themes of dc comics, scare the dog, rough edges, rough ink illustration, gentle strokes, realistic, flat, sharp lines, flat color, flat illustration, by greg rutkowski, clear lines, flat color, side view, seamless pattern, flat color scheme, horror, scary, cross section, flat color, completely centered, golden ratio, illustration, realistic composition inflateble shapes, super view, large scale, professional composition, simple color ink pen, minimalism, super detailed"
80,make a persuasive ad for coca cola including themes of dc comics,"make a persuasive ad for coca cola including themes of dc comics, octane render, redshift render, dynamic composition, dramatic lighting by stanley artgerm and greg rutkowski, trending on artstation"
81,make a persuasive ad for coca cola including themes of superhero,"make a persuasive ad for coca cola including themes of superhero, golden hour, impending doom, cosmic horror elements, concept art, dramatic lighting, studio lighting"
82,make a persuasive ad for coca cola including themes of superhero's creed in the creation of adam and eve and patriotism,"make a persuasive ad for coca cola including themes of superhero's creed in the creation of adam and eve and patriotism, trending on artstation"
83,make a persuasive ad for coca cola including themes of superhero's creed and country,"make a persuasive ad for coca cola including themes of superhero's creed and country, studio lighting, studio lighting, fake hidden detail, low angle, super highly detailed, professional digital painting, artstation, concept art, smooth, sharp focus, no blur, no dof, extreme illustration, unreal engine 5, photorealism, hd quality, 8 k resolution, cinema 4 d, 3 d, beautiful, cinematic, art by artgerm and greg rutkowski and alphonse mucha and loish and wlop"
84,make a persuasive ad for coca cola including themes of superhero,"make a persuasive ad for coca cola including themes of superhero, holy,martial arts, argentina culture, the Extended Universe, Society, created by gustave dore, high detailed, smooth draw, synthwave neon retro, intricate, realistic proportions, dramatic lighting, trending on"
85,make a persuasive ad for coca cola including themes of sunsets,"make a persuasive ad for coca cola including themes of sunsets, featured in artstation, octane render, redshift, vray, 3 d, dof, art by godwin akpan, octane render, 8 k, depth of field, 3 d"
86,make a persuasive ad for coca cola including themes of sunsets and springtime,"make a persuasive ad for coca cola including themes of sunsets and springtime, concept art, pitch black colors, studio gainax gainax corporate, gainax syndicate, syndicate trigger"
87,make a persuasive ad for coca cola including themes of sunsets and throne room,"make a persuasive ad for coca cola including themes of sunsets and throne room, concept art, acrilic paint, pencil, muted colors, post grunge, concept art by josan gonzales and wlop, david rubin, mike mignola, laurie greasley, highly detailed, sharp focus, trending on artstation, hq, deviantart, art by artgem"
88,make a persuasive ad for coca cola including themes of sunsets,"make a persuasive ad for coca cola including themes of sunsets, studio photo, detailed, cell shaded, 4 k, warm colours, concept art, by wlop, ilya kuvshinov, artgerm, krenz cushart, greg rutkowski, pixiv. cinematic dramatic atmosphere, sharp focus, volumetric lighting, cinematic lighting, studio quality"
89,make a persuasive ad for coca cola including themes of moon,"make a persuasive ad for coca cola including themes of moon, thunderstorm and throne, the mystic unity of the holy nexus, atmospheric beautiful pastel color palette with intricate rainbow nimbus + lit in ornate silver gold, octane render, finely detailed, extremely hyper - detailed, intricate, moody lighting + masterpiece, artstation, epic, cinematic + masterpiece + awardslaught + cgsociety"
90,make a persuasive ad for coca cola including themes of moon and planet,"make a persuasive ad for coca cola including themes of moon and planet, trending on artstation"
91,make a persuasive ad for coca cola including themes of moon,"make a persuasive ad for coca cola including themes of moon, snake oil, cotton and scissors, complete and ornamented with biblical stories, hyperdetailed, featured on cgsociety, trending on pixiv"
92,make a persuasive ad for coca cola including themes of moon,"make a persuasive ad for coca cola including themes of moon, hell, war, and throne, concept art, matte drawing. pulp sci - fi art. high detail, hd, 4k"
93,make a persuasive ad for coca cola including themes of cinematic movies,"make a persuasive ad for coca cola including themes of cinematic movies, 8k resolution, complex hue and lighting makeup, storybook format, concept art, dof, clear, crisp line drawings, golden ratio, serial shading, fl Legislative district format, rough paper texture, flat colored pencil, rough ink, rough ink, center of picture, illustrated accurately by fred fields and 8 j"
94,make a persuasive ad for coca cola including themes of cinematic movies,"make a persuasive ad for coca cola including themes of cinematic movies, discotheque art, foil art, rough sketch, pencil drawing, hyperpen detailed, intricate, artstation, makoto shinkai, craig mullins, peter mohrbacher studio ghibli"
95,make a persuasive ad for coca cola including themes of cinematic movies and period piece,"make a persuasive ad for coca cola including themes of cinematic movies and period piece, trending on artstation"
96,make a persuasive ad for coca cola including themes of cinematic movies,"make a persuasive ad for coca cola including themes of cinematic movies, cosmic horror elements, full of sense of scale, in the gritty posterized grainy analog style of studio ghibli and alphonse mucha, octane render, epic composition, exquisite detail, shot at wide medium shot, perfectly framed, vibrant colors, inspired by noah bradley, tyler edlin, jordan grimmer, darek zabrocki, neil blevins, tuomas korpi"
97,make a persuasive ad for coca cola including themes of kpop idol,"make a persuasive ad for coca cola including themes of kpop idol, symmetrical facial features, pink bright pastel, ornate, glittering, aegy ombre, fashion illustration, fashion design, hajime sorayama hd, icon, zdzislaw beksinski, karol bak, james jean, ironse mucha, artstation, pixiv, digital illustration"
98,make a persuasive ad for coca cola including themes of kpop,"make a persuasive ad for coca cola including themes of kpop, farm workers strikes, lynchism by thomas kinkade, peter mohrbacher, brian froud, and monet, trending on artstation matte painting, subsurface scattering, storybook illustration"
99,make a persuasive ad for coca cola including themes of kpop idol,"make a persuasive ad for coca cola including themes of kpop idol, chocolate park, pop art, promotional art, ad copyeditorial cartoon, murata range, kawaii chibi, kawaii hq"
100,make a persuasive ad for coca cola including themes of kpop,"make a persuasive ad for coca cola including themes of kpop, vector art, pop art, poster art, ink details, set design, illustration style, sketch, concept art ink outlines, style ink, sketch, digital 2 d illustration, digital art, overdetailed art, concept art, complementing colors, trending on artstation, cgsociety, by greg rutkowski, by loish, complementing colors rendered by beeple, by makoto shinkai, syd meade"
101,make a persuasive ad for kfc k - 2 3 3 ). full body,"make a persuasive ad for kfc k - 2 3 3 ). full body, front facing camera, trending on pixiv fanbox, painted by greg rutkowski makoto shinkai takashi takeuchi studio ghibli, emerald herald"
102,make a persuasive ad for kfc chicken wings,"make a persuasive ad for kfc chicken wings, reads a lawyer, holds gavel in hand, holds books with ink on floor of room, scholarly, eloquent, visionary"
103,make a persuasive ad for kfc ran by natalie dormer - like magical effects,"make a persuasive ad for kfc ran by natalie dormer - like magical effects, intricate, elegant gleaming white lines, highly detailed, italian renaissance italian renaissance, incredible renaissance atmosphere, digital painting, artstation, concept art, smooth, sharp focus, italian flag, full moon, illustration, italian flag, art by alex grey and gustave dore, golden hour, cgsociety"
104,make a persuasive ad for kfc k - pop. 3 d print on clear glass. 8 k resolution trending on artstation concept art detailed octane render cinematic photo - realistic 8 k artistic photography,make a persuasive ad for kfc k - pop. 3 d print on clear glass. 8 k resolution trending on artstation concept art detailed octane render cinematic photo - realistic 8 k artistic photography
105,make a persuasive ad for kfc k - 1 grand order of japan. detailed digital art. trending on artstation. boris vallejo and frank  a persuasive ad for kfc 4 and walky greensboro,"make a persuasive ad for kfc k - 1 grand order of japan. detailed digital art. trending on artstation. boris vallejo and frank  a persuasive ad for kfc 4 and walky greensboro, ad for a research bus. ; 50 mm low grain, f 1. 8. sharp focus, trending on artstation, 4  a persuasive ad for kfc ran by fringe aliens movie : : a salesman with salesman pitchforks while giving a salesman a mouthedakis a huge headache. the salesman is making extremely absurdly detailed colored pencil drawings while standing at extremely inconvenient locations. his boss is making dramatic lighting and bottles of tomato soup. Trending on artstation"
106,make a persuasive ad for kfc chicken,"make a persuasive ad for kfc chicken, just do it 3 d, do it in the car, wide open wife mouth, fangs, low cheekbones, wide nose, short smile, silent"
107,make a convincing ad for kfc chicken,"make a convincing ad for kfc chicken, selling chicken wings at butcher, hand painted textures, fisheye lens, instagram photo by guweiz, james jean, and zdzisław beksinsk, studio ghibli style, highly detailed, unreal engine render"
108,make a convincing ad for kfc chicken,"make a convincing ad for kfc chicken, digital art by guweiz and wlop and ilya kuvshinov and artgerm, symmetrical eyes, aesthetic, gorgeous, stunning, alluring, attractive, artstation, deviantart, pinterest, digital art"
109,make a convincing ad for kfc ran by fenghua zhong,"make a convincing ad for kfc ran by fenghua zhong, communist propaganda poster art in the year 1 9 8 7 ultra realistic, concept art, intricate details, highly detailed, photorealistic, oct richest PC game ever made, realistic, dramatic, dynamic lighting, unreal engine render, octane render, hd, by artgerm, greg rutkowski, enki bilal and makoto shinkai"
110,make a convincing ad for kfc satanic witch,"make a convincing ad for kfc satanic witch, selling them poison 1888 bills, hd, trending on artstation,"
111,make a convincing ad for kfc including themes of love,"make a convincing ad for kfc including themes of love, marriage, and death, intricate, elegant, highly detailed, digital painting, artstation, smooth, sharp focus, symmetric, great composition, illustration, highly detailed, digital painting, concept art, matte, art by greg rutkowski, and john berkey, masterpiece, trending on artstation"
112,make a convincing ad for kfc including themes of love,"make a convincing ad for kfc including themes of love, thriller, thriller, lovecraftian, mysticism, mysterious, mysterious renaissance, more and more detailed neoplasticism, detailed artwork, 8 k, concept art, by wlop and artgerm in the style of alphonse mucha and  a convincing ad for kfc including themes of love,oppressive,religious,muscular,dress,facial details,jean giraud,photorealistic,elegant,in the style of Michael Whelan and ilya kuvshinov,alphonse mucha, gaston bussiere, artgerm and greg rutkowski,trending on cgsociety,fashion editorial"
113,make a convincing ad for kfc including themes of love,"make a convincing ad for kfc including themes of love, country, court, love, country, dramatic, artistic,2021, semi realistic photo, real life skin, freckles, 8 k, stunning detail, works by artgerm, greg rutkowski and alphonse mucha, unreal engine 5, 4 k uhd"
114,make a convincing ad for kfc including themes of family and friends,"make a convincing ad for kfc including themes of family and friends, extra crisp crisp, features intricate detail and the style of unreal engine, trending on artstation"
115,make a convincing ad for kfc including themes of family and friends,"make a convincing ad for kfc including themes of family and friends, 4 k resolution, features in artstation by stephan martiniere, dramatic lighting, designed chair, by takashi murakami, extremely detailed, cinematic lighting"
116,make a convincing ad for kfc including themes of family and friends,"make a convincing ad for kfc including themes of family and friends, by feng zhu, shaddy safadi, noah bradley, tyler edlin, jordan grimmer, darek zabrocki, neil blevins, tuomas korpi"
117,make a convincing ad for kfc including themes of family and friends!,"make a convincing ad for kfc including themes of family and friends!, half plate, subtle redshift render with unreal engine 5, by greg rutkowski, yoji shinkawa, yoshitaka amano, tsutomu niehi, moebius, donato giancola, geoffroy thoorens, concept art, trending on artstation, featured on pixiv, cinematic composition, 8 k"
118,make a convincing ad for kfc including themes of imagination ,"make a convincing ad for kfc including themes of imagination , thoughtful, focused, visionary, calm, jovial, loving, daddy/fatherly, generous,. dramatic angle, ethereal lights, details, smooth, sharp focus, illustration, realistic, cinematic, artstation, award winning, rgb, unreal engine, octane render, cinematic light, macro, depth of field, blur, red light and clouds from the back, highly detailed epic cinematic concept art CG render made in Maya, Blender and Photoshop, octane render, excellent composition, dynamic dramatic cinematic lighting, aesthetic, very"
119,make a convincing ad for kfc including themes of imagination ,"make a convincing ad for kfc including themes of imagination , mythological, ultradetailed, realistic, detailed by rope ginned as art writer anne stokes fearfully, fog, mysterious and dark concept art, render symmetrical in style of Greg Rutkowski,  artgerm, witcher, cinematography masterpiece, 8k highly detailed"
120,make a convincing ad for kfc including themes of imagination  and sheet for film 4 k digital layout design with detailed features and well - rendered volume illustration in style of greg  a convincing ad for kfc including themes of imagination  and brain space art by greg rutkowski,"make a convincing ad for kfc including themes of imagination  and sheet for film 4 k digital layout design with detailed features and well - rendered volume illustration in style of greg  a convincing ad for kfc including themes of imagination  and brain space art by greg rutkowski, thomas kinkade, super detailed and realistic, 8 k"
121,make a convincing ad for kfc including themes of scarcity,"make a convincing ad for kfc including themes of scarcity, smart framing, first - person view, landscape art for movies, cgsociety, greg rutkowski, loish, rhads, makoto shinkai and lois van baarle, ilya kuvshinov,  a convincing ad for kfc including themes of scarcity, trending on artstation"
122,make a convincing ad for kfc including themes of scarcity and war,"make a convincing ad for kfc including themes of scarcity and war, modern art illustration contemporary art digital painting rule of thirds golden ratio fake detail acrylic palette knife sharp focus criterion perfect object piercing detail acrylic medium shot / photograph"
123,make a convincing ad for kfc including themes of scarcity,"make a convincing ad for kfc including themes of scarcity,oppressive,oppressive,black and white,intricate,elegant,highly detailed,8k,digital painting,trending on pinterest,Virgil Finlaytim hildebrandt,"
124,make a convincing ad for kfc including themes of hunger,"make a convincing ad for kfc including themes of hunger, famine and m famine, illustrated by greg rutkowski, trending on artstation, 4 k, 8 k, artstation hd, artstation  a convincing ad for kfc including themes of hunger and mist, illustrated by greg rutkowski"
125,make a convincing ad for kfc including themes of hunger,"make a convincing ad for kfc including themes of hunger, oppression, and beatings, the ad is playing on giant speakers. the tone is very muted and rhythmic. highly detailed, digital painting, artstation, concept art, smooth, sharp focus, illustration, art by artgerm and greg rutkowski and alphonse mucha and Norman Rockwell and Beksinski,"
126,make a convincing ad for kfc including themes of hunger,"make a convincing ad for kfc including themes of hunger, sleep, adventure and tragedy, german romanticism style, 8 k resolution, adolphe bouguereau, beksinski, james gilleard, greg rutkowski, cinematic color scheme, cinematic lighting, highly detailed"
127,make a convincing ad for kfc including themes of coolness and war,"make a convincing ad for kfc including themes of coolness and war, pop art, studio ghibli, insane detail, incredible quality, trending on artstation"
128,make a convincing ad for kfc including themes of coolness and war,make a convincing ad for kfc including themes of coolness and war
129,make a convincing ad for kfc including themes of coolness and war,"make a convincing ad for kfc including themes of coolness and war, poignant, fisheye!!!!!!, digital painting, artstation, smooth, sharp focus, illustration, dark sci fi, fantasy, futuristic, by james gurney and alphonse mucha"
130,make a convincing ad for kfc including themes of coolness and war,"make a convincing ad for kfc including themes of coolness and war, huge promotional poster, biggie magazine, insanely detailed and intricate, concept art, adriana lima, paint texture, intricate, ornate, photorealistic, clear and flesh, blur, fibonacci, sweat drops, insane, pinup, intricate, highly detailed, digital painting, artstation, concept art, smooth, sharp focus, illustration"
131,make a convincing ad for kfc including themes of amazement and horror,"make a convincing ad for kfc including themes of amazement and horror, by greg rutkowski and thomas kinkade, trending on artstation, featured on  a convincing ad for kfc including themes of amazement, shock art, and tentacle. 3 d maya 8 k visual manga cover. made in maya, blender and photoshop, trending on  a convincing ad for kfc including themes of amazement!, realism, 1 6 : 9, strict symmetrical ; high coherence, sci - fi, fantasy, intricate, decadent, highly detailed, digital painting, miami, artstation, symmetrical, concept art, gnarly, top view, jordan grimmer, darek zabrocki, neil blevins, tuomas korpi"
132,make a convincing ad for kfc including themes of amazement and disbelief,"make a convincing ad for kfc including themes of amazement and disbelief, Granted, mixed media, digital art, trending on artstation"
133,make a convincing ad for kfc including themes of magic realism and lovecraft,"make a convincing ad for kfc including themes of magic realism and lovecraft, horror, magic the gathering, gothic, surrealism, victorian, mist, cosmic horror, lovecraftian, cold hue's, warm tone gradient background, concept art, beautiful composition"
134,make a convincing ad for kfc including themes of magic realism,"make a convincing ad for kfc including themes of magic realism, grocery shopping, horror setting, scare interior.  prepackaged artwork in style of like Greg Rutkowski, trending on artstation.  PBR, path tracing, octane render, award winning.  bold natural contours.  yellow magenta and grey color scheme"
135,make a convincing ad for kfc including themes of magic the gathering,"make a convincing ad for kfc including themes of magic the gathering, historical setting, pulp fiction, intricate, highly detailed, digital painting, artstation, concept art, smooth, sharp focus, illustration, dramatic lighting,vous,"
136,make a convincing ad for kfc including themes of magic realism and European colonial masterpieces. this 4 k hd image is trending on artstation,"make a convincing ad for kfc including themes of magic realism and European colonial masterpieces. this 4 k hd image is trending on artstation, featured on behance, well - rendered, extra crisp, features intricate detail, epic composition and the style of unreal"
137,make a convincing ad for kfc including themes of power struggle and death,"make a convincing ad for kfc including themes of power struggle and death, incredible details, epic scale, insanely complex, octane render, trending on artstation"
138,make a convincing ad for kfc including themes of powerfull and abundance,"make a convincing ad for kfc including themes of powerfull and abundance, trending on artstation, peter mohrbacher cinematic, masterpiece 4 k 8 k"
139,make a convincing ad for kfc including themes of powerfull stranger things and park soviet policeman and harley quinn,"make a convincing ad for kfc including themes of powerfull stranger things and park soviet policeman and harley quinn, intricate details, by vincent di fate, artgerm julie bell beeple, 9 0 s, smooth gradients, octane render, 8 k, volumetric lightning, high contrast, duo tone, depth of field, very coherent symmetrical artwork"
140,make a convincing ad for kfc including themes of powerfull american city taken over by the atomic bomb explosion. concept art. folk,make a convincing ad for kfc including themes of powerfull american city taken over by the atomic bomb explosion. concept art. folk
141,make a convincing ad for kfc including themes of interest,"make a convincing ad for kfc including themes of interest, fisheye lens, expert high detail concept art, perfect proportions defined face, vivid colors, pinterest trending on artstation, vivid composition, hyperrealistic shaded lighting wallpaper ilya kuvshinov, katsuhiro, makoto shinkai, wlop loish and clamp style, trending on art station, best selling artist"
142,make a convincing ad for kfc including themes of interest,"make a convincing ad for kfc including themes of interest, and ideas of interest,  3D shadowing, fully digitally padded room, 4K, RTX, open room, very coherent symmetrical artwork, depth field, unreal engine, cinematic, epic lighting, coherent, 8K resolution, single image, coherent, shaded by symmetrical artwork"
143,make a convincing ad for kfc including themes of interest,"make a convincing ad for kfc including themes of interest, homely atmosphere, soft colors, some farm background with afternoon light in the rear, trending on artstation"
144,make a convincing ad for kfc including themes of interest,"make a convincing ad for kfc including themes of interest,  minimalism, tudor theme, background of flowers and plants, dynamic composition, dramatic scene, detailed, minimalist, clean lines, pencil marks, trending on artstation"
145,make a convincing ad for kfc including themes of simplicty,"make a convincing ad for kfc including themes of simplicty, somber, relief relief relief, and others 3 d resolution, trending on artstation cgsociety rendered with minimalism"
146,make a convincing ad for kfc including themes of simplicty and repetition because they imply exclusibles,"make a convincing ad for kfc including themes of simplicty and repetition because they imply exclusibles, high resolution, high resolution, 4 k, by ellen jewett, tomasz alen kopera, peter mohrbacher, donato giancola, joseph christian leyendecker, wlop, boris vallejo, surrealism, godward, trending on artstation, flat natural tones"
147,make a convincing ad for kfc including themes of simplicty,"make a convincing ad for kfc including themes of simplicty, orwellian, grimdark, candlelit, odourism, artistic composition, 8 k, character art, concept art, by various screenshot, kodak color, greg rutkowski color scheme, yoji shinkawa gakashi takeuchi studio trigger"
148,make a convincing ad for kfc including themes of simplicty,"make a convincing ad for kfc including themes of simplicty, balk, and arbitrary"
149,make a convincing ad for kfc including themes of elegance and surprise. background willow tree fantasy art by dan mumford,"make a convincing ad for kfc including themes of elegance and surprise. background willow tree fantasy art by dan mumford, yusuke murata and makoto shinkai, 8 k, cel shaded, unreal engine, featured on artstation, pixiv"
150,make a convincing ad for kfc including themes of elegance and color. Beautiful colors,"make a convincing ad for kfc including themes of elegance and color. Beautiful colors, 35mm Sigma lens. Colorful. Bokeh. soft. crisp. no crop. masterpiece. sharp focus. close up. trending on artstation. 8k"
151,make a convincing ad for kfc including themes of elegance and black on white on gray scheme art by frank frazetta and tomasz alen summons,make a convincing ad for kfc including themes of elegance and black on white on gray scheme art by frank frazetta and tomasz alen summons
152,make a convincing ad for kfc including themes of elegance and innocence in her corporate attire. we show a woman's sleek modern downtown apartment looking out a window into a busy Japanese street  by WLOP and Ross Tran and Artgerm and William-Adolphe Bouguerea Sakimichan,"make a convincing ad for kfc including themes of elegance and innocence in her corporate attire. we show a woman's sleek modern downtown apartment looking out a window into a busy Japanese street  by WLOP and Ross Tran and Artgerm and William-Adolphe Bouguerea Sakimichan, epic, gorgeous, stunning, gorgeous, much wow, much detail, cinematic,"
153,make a convincing ad for kfc including themes of fantasy and war and tragedy,"make a convincing ad for kfc including themes of fantasy and war and tragedy, trending at artstation"
154,make a convincing ad for kfc including themes of fantasy,"make a convincing ad for kfc including themes of fantasy, horror, created by gustave dore and greg rutkowski, high detailed, smooth draw, synthwave neon retro, intricate, realistic proportions, dramatic lighting, trending on  a convincing ad for kfc including themes of fantasy and horror, concept art, 4 k, artstation hd"
155,make a convincing ad for kfc including themes of fantasy and horror,"make a convincing ad for kfc including themes of fantasy and horror, 4 k, 8 k, hd, full color, adobe illustrator, aniplex, detailed and intricate borders, trending on artstation"
156,make a convincing ad for kfc including themes of old school and new york on a vintage used car in foggy industrial site. photoshop. concept art. pastel. photoshop. octane render. art by artgerm and greg rutkowski and alphonse mucha. atmospheric,make a convincing ad for kfc including themes of old school and new york on a vintage used car in foggy industrial site. photoshop. concept art. pastel. photoshop. octane render. art by artgerm and greg rutkowski and alphonse mucha. atmospheric
157,make a convincing ad for kfc including themes of old school,"make a convincing ad for kfc including themes of old school, world of warcraft, characters from various movie cast, fantasy, gothic, character concept design, greg rutkowski and dan mumford, high detail, 2 d, octane render, wide shot, full frame"
158,make a convincing ad for kfc including themes of old school. digital painting. art station. mood lighting. skindness,"make a convincing ad for kfc including themes of old school. digital painting. art station. mood lighting. skindness, highly detailed, concept art, intricate, sharp focus, einar jonsson and bouguereau - h 1 2 0 0"
159,make a convincing ad for kfc including themes of old school bible,"make a convincing ad for kfc including themes of old school bible, religious, adventure, dramatic, expert, highly detailed render, featured by artgerm, pixar, makoto shinkai, taiki kawakami, doax"
160,make a convincing ad for kfc including themes of pop art,"make a convincing ad for kfc including themes of pop art, pop art, pop fiction, and #vfxfriday in the style of james jean uhd, 8 k resolution. spectacular award winning composition, high details, atmospheric, epic lighting, 8 k resolution. best selling artist award winning. trending on pixiv fanbox  clipstudio medibang ichi-up CGWORLD key visual manga cover"
161,make a convincing ad for kfc including themes of pop art,"make a convincing ad for kfc including themes of pop art, pop art, poetry, make national geographic papers, digital art, canvas, hd, bollywood movie, composition by dali, by greg rutkowski, by gerald brom, by peter elson, muted colors, extreme detail, trending on artstation, 8 k"
162,make a convincing ad for kfc including themes of pop art and pop art. pop art. no text. professional design. great composition,"make a convincing ad for kfc including themes of pop art and pop art. pop art. no text. professional design. great composition, cinematic perfect detailed. well lit, clean ink detailed line drawing. very inspirational. highly detailed lifelike photo. hd. hq. realistic by clamp style. trending on artstation"
163,make a convincing ad for kfc including themes of pop art,"make a convincing ad for kfc including themes of pop art, pop art, androgynous, gothic, lol,weeney bride, storybook, interesting details, extra detail, photorealistic"
164,make a convincing ad for kfc including themes of anime. pop art. no words 4 k. guadosalam style. 8 k. trending on artstation. slightly exaggerated accents. stylized. studio noise. cartoon. rendered in muted colors,make a convincing ad for kfc including themes of anime. pop art. no words 4 k. guadosalam style. 8 k. trending on artstation. slightly exaggerated accents. stylized. studio noise. cartoon. rendered in muted colors
165,make a convincing ad for kfc including themes of anime and manga,"make a convincing ad for kfc including themes of anime and manga, trending on artstation"
166,make a convincing ad for kfc including themes of anime,"make a convincing ad for kfc including themes of anime, pop art, fisheye!!!!!!, nostalgic, warm halo, great composition, low angle, modernist composition, elegant, digital painting, artstation, unreal engine, octane render, concept art, matte, sharp focus, vibrant colors, hyperrealistic masterpiece, 8 k uhd"
167,make a convincing ad for kfc including themes of anime,"make a convincing ad for kfc including themes of anime, ufotable, grimdark, trending on artstation"
168,make a convincing ad for kfc including themes of marvel comics. detailed artwork,"make a convincing ad for kfc including themes of marvel comics. detailed artwork, historical. realistic. dramatic. trending on artstation. 8 k"
169,make a convincing ad for kfc including themes of marvel comics and elden ring by ilya kuvshinov and hirohiko araki and gainax,"make a convincing ad for kfc including themes of marvel comics and elden ring by ilya kuvshinov and hirohiko araki and gainax, trending on  a convincing ad for kfc including themes of marvel comics and tentaclegrass, by greg rutkowski and thomas kinkade, trending on artstation, dramatic lighting ethereal inks"
170,make a convincing ad for kfc including themes of marvel comics,"make a convincing ad for kfc including themes of marvel comics, ink drawing, illustartion, goala, india, cgsociety, siggraph, astonishing, amazing, gorgeous, much detail, much wow, masterpiece by dorian cleavanger and stanley lau and"
171,make a convincing ad for kfc including themes of dc comics,"make a convincing ad for kfc including themes of dc comics, and digital art illustration, by benoit b. mandelbrot, steven belledin, martin johnson heade, lee madgwick, caspar david friedrich, and david rios ferreira. 8 k resolution trending on artstation concept art digital illustration"
172,make a convincing ad for kfc including themes of dc comics,"make a convincing ad for kfc including themes of dc comics, city with donald trump and evil evil britney spears dressed as soldiers, 8 k resolution, digital painting, japanese animation, greg rutkowski very coherent, tsutomu nihei gustav klimt style, trending on artstation"
173,make a convincing ad for kfc including themes of dc comics,"make a convincing ad for kfc including themes of dc comics, high fantasy, intricate, elegant, digital painting, artstation, smooth, sharp focus, illustration, no duplicate, unreal engine, 4 k uhd image, art by artgerm and greg rutkowski and alphonse mucha"
174,make a convincing ad for kfc including themes of dc comics,"make a convincing ad for kfc including themes of dc comics, land of oz, and # american comic book by artgerm"
175,make a convincing ad for kfc including themes of superhero,"make a convincing ad for kfc including themes of superhero, horror, horror, gothic, lovecraftian, mystic, mysterious, dramatic lighting, high detail, 4 k, 8 k, best, accurate, trending on artstation, artstationhd, artstationhq, unreal engine, 4 k, 8 k"
176,make a convincing ad for kfc including themes of superhero,"make a convincing ad for kfc including themes of superhero, by ivan shishkin and greg rutkowski, photorealistic, dramatic contrast, trending on artstation, 8 k"
177,make a convincing ad for kfc including themes of superhero and villain,"make a convincing ad for kfc including themes of superhero and villain, epic fantasy, dramatic scene, cinematic, establishing shot, high detail, cinematic lighting, post processed, 8 k, concept art, artstation, matte painting, in the style of eddie mendoza, raphael lacoste, alex ross"
178,make a convincing ad for kfc including themes of superhero from borderlands and overwatch,"make a convincing ad for kfc including themes of superhero from borderlands and overwatch, trending on artstation - n 9"
179,make a convincing ad for kfc including themes of sunsets and dawn,"make a convincing ad for kfc including themes of sunsets and dawn, trending on artstation"
180,make a convincing ad for kfc including themes of sunsets and dawn,"make a convincing ad for kfc including themes of sunsets and dawn, artwork by Craig Mullins,Movie poster,concept art"
181,make a convincing ad for kfc including themes of sunsets and dawn,"make a convincing ad for kfc including themes of sunsets and dawn, art by bayard wu and greg rutkowski, masterpiece, award - winning photograph, historical"
182,make a convincing ad for kfc including themes of sunsets and dawn,"make a convincing ad for kfc including themes of sunsets and dawn, trending on artstation neighborhoods made out of candy made out of candy forest, rendered in unreal engine, highly detailed, fantasy, digital art, trending at artstation"
183,make a convincing ad for kfc including themes of moon,"make a convincing ad for kfc including themes of moon, rain, autumn and mountains, illustrated by greg rutkowski, cgsociety, artist interpretation, artstation, contemporary art, 4 k, 8 k, artstation digital, artstation horror, trending on behance, lovecraftian art style"
184,make a convincing ad for kfc including themes of moon,"make a convincing ad for kfc including themes of moon, jungle, lovecraftian, surrealism, crossbreed, blend of flowers and plants, by frederic edwin church, james gurney, james jean, takato yamamoto, huge scene, architecture, sprawl, hd, zootopia, insanely detailed and intricate, octane render, unreal engine, beautifully lit, dramatic dramatic lighting, digital art, sharp focus, hyperrealistic, 3 5 mm, intricate"
185,make a convincing ad for kfc including themes of moon,"make a convincing ad for kfc including themes of moon, demons, gothic, lovecraftian, mystic, mysterious, oil panting, high resolution, trending on artstation"
186,make a convincing ad for kfc including themes of moon burn and death and blood,"make a convincing ad for kfc including themes of moon burn and death and blood, big budget horror film by by venusian stanley artgerm lau, greg rutkowski, thomas kinkade, alphonse mucha, loish, norman"
187,make a convincing ad for kfc including themes of cinematic movies,"make a convincing ad for kfc including themes of cinematic movies, key visual, high fantasy, symbolism, thai characters, misty background, concept art, in the style of thomas kinkade and kiorgos tsolis and dan mumford and noah bradley, greg rutkowski, studio quality, smooth render, unreal engine 5 rendered, octane, rendered, art style and nixeu and wlop and krenz cushart"
188,make a convincing ad for kfc including themes of cinematic movies depicting the birth of the species of america. 8 k x the resolution will show the birth of a new species,"make a convincing ad for kfc including themes of cinematic movies depicting the birth of the species of america. 8 k x the resolution will show the birth of a new species, centered, at 6 a. m. eike, atvologue, magazine cover, concept art"
189,make a convincing ad for kfc including themes of cinematic movies,"make a convincing ad for kfc including themes of cinematic movies, horror, dramatic moody colors, dramatic scene, cinematic, highly detailed, great attention to perfect anatomy, special attention to posing, great finesse organic photoshop in the style of klimt and masamune shirow and kuvshinov, Intricate by Ellen Jewett and Josan Gonzalez and Giuseppe Arcimboldo"
190,make a convincing ad for kfc including themes of cinematic movies,"make a convincing ad for kfc including themes of cinematic movies, key art, promotional art, cleverly dressed for the film, 4 k detailed post, by wenjun lin, krenz cushart, pixiv. cinematic dramatic atmosphere, sharp focus, volumetric lighting, cinematic lighting, studio quality"
191,make a convincing ad for kfc including themes of kpop,"make a convincing ad for kfc including themes of kpop, pop art, country, cityscape, fisheye!!!!!! lens, german romanticism!!!!!!, vintage photograph, tudor country, star wars cinematography, mokoto shinkai, james gurney, photo, 8 k, hi - fructose art magazine, flying gear, fashion editorial,"
192,make a convincing ad for kfc including themes of kpop,"make a convincing ad for kfc including themes of kpop, pop art, horror, gothic, lovecraftian, cold hue's, warm tone gradient background, concept art, digital painting"
193,make a convincing ad for kfc including themes of kpop idol,"make a convincing ad for kfc including themes of kpop idol, sakimichan, with background legends, magic the gathering, dark art masterpiece artstation. 8 k, sharp high quality artwork in style of wayne reynolds, alphonse mucha, arthur adams, greg  a convincing ad for kfc including themes of kpop idol, pop art, india, oc commission, f 2 4, realistic shaded lighting, shot with 1 4 5 0 photographic acid pore detail, trending in artstation,"
194,make a convincing ad for h&m,"make a convincing ad for h&m, guillermo del toro. an iconic scene from the soviet steampunk film by Ridley Scott, steampunk, final fantasy, steampunk, cogs side equipment, and gears, detailed, angry eyes. dramatic ambient lighting, trending on artstation"
195,make a convincing ad for h&m,"make a convincing ad for h&m, hand drawn color screen print"
196,make a convincing ad for h&m. ; weekly shonen jump issue 1 4,"make a convincing ad for h&m. ; weekly shonen jump issue 1 4, cover, 2 0 0 0 clannad shuffle toheart event'anime pattern of illustration japanese very very beautiful cute girls doing cute things trending on artstation pixiv makoto shinkai smiling super detailed eyes eyebrowless symmetry face visual novel hairpin star"
197,make a convincing ad for h&m Advertising,"make a convincing ad for h&m Advertising, Inc. color photo taken in 7 0 mm, lens distortion, sharp focus,"
198,make a convincing ad for h&m as an axolotl chemist. by ilya kuvshinov,"make a convincing ad for h&m as an axolotl chemist. by ilya kuvshinov, krenz cushart, Greg Rutkowski, trending on  a convincing ad for h&m, reprints, hard copycatalog, backgroung through the rabbit hole with no duplicate images, old ripped, ripped, amateur, ripped, old ripped, low quality, old ripped, very graphic expressionist old artwork, old with texture, old with musical notes, old with texture, old with texture, also with hyperdetails, trending on 4kHQ, reagents with textures from youtube, old photos by yasutomo oka, photo by oliver valsecchi, by simon bisley"
199,make a convincing ad for h&m. : an intricate and extremely detailed hyperrealistic and hyper symmetrical 3 d photoart / vertical fractal wallpaper ( ultra - minimalistic ) / sculpture ( white angelic neon - monochrome minimalistic composition,"make a convincing ad for h&m. : an intricate and extremely detailed hyperrealistic and hyper symmetrical 3 d photoart / vertical fractal wallpaper ( ultra - minimalistic ) / sculpture ( white angelic neon - monochrome minimalistic composition, white cyborg clothes by andrew thomas huang, white minimalistic cat visuals concept by peter birkhauser and louis wain, and 3 d - seminude human sculpture by ron mueck ) of two handsome model gay boyfriends with stylized makeup as cat - clown - cyborg"
200,make a persuasive ad for h&m. ; or take a look ; do well ; etherich style. 8 k ; very detailed. front facing. masterpiece. dramatic angle ; sharp focus ; low angle ; ultra realistic style. realistic intricate details. highly detailed. trending on artstation ; hd ; 8 k,make a persuasive ad for h&m. ; or take a look ; do well ; etherich style. 8 k ; very detailed. front facing. masterpiece. dramatic angle ; sharp focus ; low angle ; ultra realistic style. realistic intricate details. highly detailed. trending on artstation ; hd ; 8 k
201,make a persuasive ad for h&m. detailed,"make a persuasive ad for h&m. detailed, marvelous designer, hand drawn, beautifull women adhering adhering by her guru, featured in artstation, cgsociety, Behance HD, 4k resolution, masterpiece work"
202,make a persuasive ad for h&m including themes of love,"make a persuasive ad for h&m including themes of love, doubt, and  a persuasive ad for h&m including themes of love, strife, love, and death, trending on artstation"
203,make a persuasive ad for h&m including themes of love,"make a persuasive ad for h&m including themes of love, hate, thriller, hate, and revenge.  prep highschool horror horror film still.  renaissance portrait painting by classic architecture master Ayami Kojima.  different colored with lots of exposure. Trending on artstation, deviantart, worth 1 0 0 0.  advertisement"
204,make a persuasive ad for h&m including themes of love,"make a persuasive ad for h&m including themes of love, strife, and death, trending on artstation"
205,make a persuasive ad for h&m including themes of family law and america,"make a persuasive ad for h&m including themes of family law and america, illustrated by edmund blair leighton and charlie bowater. trending on  a persuasive ad for h&m including themes of family law and love, detailed, high quality, extremely detailed, stylized, dramatic lighting, award winning, trending on artstation"
206,make a persuasive ad for h&m including themes of family,"make a persuasive ad for h&m including themes of family, home, court, and court records. Keywordly illustrated by Artgerm and Range  a persuasive ad for h&m including themes of family law, litigant Supreme court opinions on various angles, devices and buttons, an infographic by miyazaki illustrated by katsushika hokusai, a detailed matte painting by brian kesinger and thomas morbacher, ominous nighttime lighting, a detailed matte painting by daniel merriam, cgsociety, medieval dark fantasy, matte paint"
207,make a persuasive ad for h&m including themes of imagination creation,"make a persuasive ad for h&m including themes of imagination creation, fantasy, Bible Character Reference, illustrated, clear, crisp lines, clear facial features, clean lines, cell shaded, by Ruan Jia and Mandy Jurgens and William-Adolphe Bouguereau, Artgerm"
208,make a persuasive ad for h&m including themes of imagination creation and diffusion,"make a persuasive ad for h&m including themes of imagination creation and diffusion, wide angle, vertical orientation, black frame : 5 with fine subtle touches of color, golden ratio illustration"
209,make a persuasive ad for h&m including themes of imagination creation and diffusion,"make a persuasive ad for h&m including themes of imagination creation and diffusion, detailed, concept art illustration, corporate photo, filmed in 7 0 mm, volumetric lighting, set in california, alex flores, greg rutkowski, 8 k"
210,make a persuasive ad for h&m including themes of imagination creation and the supernatural occult,"make a persuasive ad for h&m including themes of imagination creation and the supernatural occult, by reading through various reference books, illustrated variouswise, by coven suydam and anton semenov olaf and ralph mcquarrie and greg rutkowski, hyperrealism, fantastic realism, sharp focus, volumetric lighting, colossal silence, extremely detailed pencil illustration, cartoon, concept art, cinematographic, photorealistic, epic fantasy, 1 6 k resolution, intricate details, award winning, cgsociety, hd, full color"
211,make a persuasive ad for h&m including themes of scarcity,"make a persuasive ad for h&m including themes of scarcity, doubt, and wind up"
212,make a persuasive ad for h&m including themes of scarcity and entropy in an authentic informational piece: [ click thumbnail thumbnail thumbnail thumbnail rule of thirds golden ratio!!!!!],make a persuasive ad for h&m including themes of scarcity and entropy in an authentic informational piece: [ click thumbnail thumbnail thumbnail thumbnail rule of thirds golden ratio!!!!!]
213,make a persuasive ad for h&m including themes of scarcity & mist,"make a persuasive ad for h&m including themes of scarcity & mist, symmetrically framed, illustrated with dynamic art byZXL specialists, intricately detailed, beautifully detailed, dramatic lighting, rule of thirds, beautifully lit, hyperrealistic, 8k HDR, octane render, trending on artstation, volumetric lighting, style of 3 dimensional render, space in background, twinkling stars, small details, extra detail, professional photo, studio lighting"
214,make a persuasive ad for h&m including themes of scarcity,"make a persuasive ad for h&m including themes of scarcity,oppressed,oppressed,oppressed,margaret thatcher,oppressed,margaret thatcher faced with an endless series of pebbles while she prays,in the style ofmargaret thatcher: 1. answear it not? 2. it be no tractable; seek ye; for tine ye; for what? and what ye do? intricate, elegant, highly detailed, digital painting, artstation, concept art, smooth, sharp focus, illustration, art by artgerm and greg rutkowski and alphonse mucha"
215,make a persuasive ad for h&m including themes of thirst and fatigue in the ad,"make a persuasive ad for h&m including themes of thirst and fatigue in the ad, historical illustration, biblical, dramatic, award winning, historical!!!, trending on artstation,…"
216,make a persuasive ad for h&m including themes of thirst and fatigue in the rendering of an fictitious historical story mba art and fantasy in the format of the Society of Jesus Christ Superstar,"make a persuasive ad for h&m including themes of thirst and fatigue in the rendering of an fictitious historical story mba art and fantasy in the format of the Society of Jesus Christ Superstar, presented in Paris by the Kropotkin Society, Ilya Repin, Edward Hopper, Ilya Kuvshinov. 3D shadowing"
217,make a persuasive ad for h&m including themes of thirst,"make a persuasive ad for h&m including themes of thirst, strife, and strife. ; average man consumes himself by attending to his master; master controls his power, trending on artstation, best selling artist"
218,make a persuasive ad for h&m including themes of thirst,"make a persuasive ad for h&m including themes of thirst, rage, disillusion, and madness"
219,make a persuasive ad for h&m including themes of coolness and hors dames,"make a persuasive ad for h&m including themes of coolness and hors dames, key art by Dave Gibbons, trending on artstation : 1. 5, sweet joy harmony color scheme, 1 9 3 0 s style golden ratio, detail ink illustration rule of thirds golden ratio, fake detail, trending pixiv fanbox, acrylic palette knife, style of makoto shinkai studio ghibli genshin impact jamie wyeth james gilleard greg rutkowski chiho aoshima"
220,make a persuasive ad for h&m including themes of coolness and horseshoe crab,"make a persuasive ad for h&m including themes of coolness and horseshoe crab, numbers 6 and 7, by Dave LaChapelle and John Singer Sargent and Kenne Gregoire, trending on artstation"
221,make a persuasive ad for h&m including themes of coolness and war strategy with illustrations by senior concept artist fabian nowak and james gurney and anton pieck and alex grey. high definition,"make a persuasive ad for h&m including themes of coolness and war strategy with illustrations by senior concept artist fabian nowak and james gurney and anton pieck and alex grey. high definition, proportionalate, cinematic, dramatic lighting, high octane, low contrast, hd, 4 k, digital art, desaturated"
222,make a persuasive ad for h&m including themes of coolness and schizoaffinity,"make a persuasive ad for h&m including themes of coolness and schizoaffinity, 4k, textural, minimalism, expressive dynamic dramatic studio lighting"
223,make a persuasive ad for h&m including themes of amazement,"make a persuasive ad for h&m including themes of amazement, amazement, amazement, amazement, and dark memories, focus on the astral realm, illustration trending on artstation, masterpiece"
224,make a persuasive ad for h&m including themes of amazement,"make a persuasive ad for h&m including themes of amazement, surprise, amazement, amazement, amazement, amazement, mixed media, 2 8 mm lens, photorealistic, trending on artstation"
225,make a persuasive ad for h&m including themes of amazement and amazement,"make a persuasive ad for h&m including themes of amazement and amazement, featured in artstation, octane render, cinematic, elegant, intricate, 8 k, full body, illustration, highly detailed, clean ink detailed line drawing, very very very aesthetic, sharp focus,  a persuasive ad for h&m including themes of amazement and amazement. In the style of Angus McKie, Rebecca Guay, and Michael"
226,make a persuasive ad for h&m including themes of magic realism and fantasy,"make a persuasive ad for h&m including themes of magic realism and fantasy, illustrated by Greg Rutkowski and Caspar David Friedrich, high detail, incredible quality, trending on artstation"
227,make a persuasive ad for h&m including themes of magic realism and desaturated third world war one propaganda poster. 3 d impressionnisme fantasy digital art by greg  a persuasive ad for h&m including themes of magic realism,"make a persuasive ad for h&m including themes of magic realism and desaturated third world war one propaganda poster. 3 d impressionnisme fantasy digital art by greg  a persuasive ad for h&m including themes of magic realism,ockhart,persuasion,industrial art style, sharp focus,editorial illustration, concept art by alphonse mucha and sandro botticelli"
228,make a persuasive ad for h&m including themes of magic the gathering and wizard ritual,"make a persuasive ad for h&m including themes of magic the gathering and wizard ritual, sea landscape, fantasy magic, undercut hairstyle, short purple black fade hair, dark light night, intricate, elegant, sharp focus, illustration, highly detailed, digital painting, concept art, matte, art by WLOP and Artgerm and Greg Rutkowski and Alphonse Mucha, masterpiece"
229,make a persuasive ad for h&m including themes of powerhouse,"make a persuasive ad for h&m including themes of powerhouse, hearthstone, critical art, courtroom, scholarly, academy award winning, n 9"
230,make a persuasive ad for h&m including themes of power struggle and strife,"make a persuasive ad for h&m including themes of power struggle and strife, by Rolf Armstrong and Evelyn De Morgan and Bastien Lecouffe-Deharme, dramatic lighting, high contrast colors, baroque, empyrean, panoramic view, as trending on Artstation, highly detailed, doom engine,"
231,make a persuasive ad for h&m including themes of power,"make a persuasive ad for h&m including themes of power, surprise, surprise, surprise, surprise, surprise, and anxiety by John Blanche and Darrell K. Sweet and WLOP and artgerm and James Jean, trending on  a persuasive ad for h&m including themes of powerfull lawyer and brutalist, bringer of justice hell, dramatic background, # magician voodoo priest, doomsayer, psychodelic, doomsayer, hypnotic, doppelganger, psychoanalytic, cobra frog, cosmic horror concept art by giger and beksinski and szukalski and wlop and pete mohrbacher, digital art, highly detailed, intricate, horror, sharp focus, trending on artstation hq, deviantart, unreal engine 5, 4 k uhd image"
232,make a persuasive ad for h&m including themes of interest. 3D ink pen sketch,"make a persuasive ad for h&m including themes of interest. 3D ink pen sketch, perfect composition, golden ratio, beautiful detailed manuscript, photoshop, hyperrealistic, sharp focus, 8 k high definition, insanely detailed, intricate, elegant, art by marc hill and artgerm and greg rutkowski and dan mumford and josan gonzalez"
233,make a persuasive ad for h&m including themes of interest,"make a persuasive ad for h&m including themes of interest, viz: [sic] magnificent arches adorned with arches on the lawn and vine and flower gutterstones, [spring and afternoon lighting]] 4 k, 8 k, hd, high definition, trending on artstation"
234,make a persuasive ad for h&m including themes of interest,"make a persuasive ad for h&m including themes of interest, and various reference sheets that outline most relevant scientific subject areas, slightly messy backround, laboratory coat, illustrated clearly and professionally color graded scientific fiction theme with occasional playful environmental lighting, an emphasis on historical background, and clean simple design elements"
235,make a persuasive ad for h&m including themes of interest,"make a persuasive ad for h&m including themes of interest, lit by candles, magnificent, illustrated by boris vallejo and asher brown durand, octane render, trending on artstation"
236,make a persuasive ad for h&m including themes of simplicty and repetition,"make a persuasive ad for h&m including themes of simplicty and repetition, illustrated with detailed pencil ink illustration, large format  a persuasive ad for h&m including themes of simplicty and  a persuasive ad for h&m including themes of simplicty and repetition by Mark Brooks and Anato Finnstark and Tom Bagshaw and Tim Burton"
237,make a persuasive ad for h&m including themes of simplicty,"make a persuasive ad for h&m including themes of simplicty, the mathematician finds his magic, lit by candlelight by ross tran and wlop and masamune shirow and kuvshinov, concept art, shinkai character design, detailed, pixiv, digital illustration"
238,make a persuasive ad for h&m including themes of elegance and color in the rendering of one side by side profile portrait of a colorful comic yellow light medium format,"make a persuasive ad for h&m including themes of elegance and color in the rendering of one side by side profile portrait of a colorful comic yellow light medium format, highly detailed, ink and white monochrome, excellent composition, cinematic concept art, dramatic lighting, trending on artstation"
239,make a persuasive ad for h&m including themes of elegance,"make a persuasive ad for h&m including themes of elegance, elegance, pastel colors, and illustrative pallette cloths, by Diane Arbus, colorful flat surreal design, hd, 8k, artstation"
240,make a persuasive ad for h&m including themes of elegance,"make a persuasive ad for h&m including themes of elegance, elegance, human anatomy, science fiction, victorian, poster, modern fine china paper and card stock, with extra long shelf space for floss, rendered in perfect condition, 4 k symmetrical features, hyper realistic, detailed, photo of real life"
241,make a persuasive ad for h&m including themes of elegance,"make a persuasive ad for h&m including themes of elegance, abundance, and luxury. 4 k resolution of an competing bid of competing bid. detailed artistic ink illustration. criterion collection aesthetics criterion collection art criterion collection design"
242,make a persuasive ad for h&m including themes of luxury advertisement,"make a persuasive ad for h&m including themes of luxury advertisement, lit by candles, books, and studios, stunning 3 d render + perfect facial symmetry + dim volumetric lighting, dramatic gradient colors, 8 k octane beautifully detailed render, post - processing, extremely hyper - detailed, intricate, epic composition, lifelike attributes, cinematic lighting, masterpiece, trending on artstation, very very detailed, stunning,"
243,make a persuasive ad for h&m including themes of luxury clothing and home theater equipment,"make a persuasive ad for h&m including themes of luxury clothing and home theater equipment, the good, the bad and the ugly, 8k concept art, rendered in octane, trending on artstation hyperrealism"
244,make a persuasive ad for h&m including themes of luxury advertisement and other footnotes,"make a persuasive ad for h&m including themes of luxury advertisement and other footnotes, footnotes and soviet papers. High quality, stunning, intricate detailed environment. Trending on artstation. Dramatic Lighting by Tom Bagshaw"
245,make a persuasive ad for h&m including themes of luxury,"make a persuasive ad for h&m including themes of luxury, elegance, flat lighting, symmetrical, perfect lines, perfect ink, intricate line drawings, 4 k resolution, bold colors, trending on artstation, intricate, smooth"
246,make a persuasive ad for h&m including themes of fantasy and thriller,"make a persuasive ad for h&m including themes of fantasy and thriller, cosmic horror, lovecraftian, ornate, intricate, mysterious and epic complexity, epic composition, magical atmosphere + masterpiece, award winning + trending on artstation"
247,make a persuasive ad for h&m including themes of fantasy,"make a persuasive ad for h&m including themes of fantasy, semi naive, mysterious & detective & thriller, various reference for artists, hand drawn, hand drawn graphic novel"
248,make a persuasive ad for h&m including themes of fantasy and war and tragedy,"make a persuasive ad for h&m including themes of fantasy and war and tragedy, wide shot, yellow tablecloth, high resolution, dynamic composition, dramatic scene, award winning, sharp edges, finely detailed, low contrast, visually stunning, masterpiece, fineline, by james gurney, peter mohrbacher, greg rutkowski and thomas kinkade, trending on artstation, volumetric lighting is an important detail"
249,make a persuasive ad for h&m including themes of fantasy,"make a persuasive ad for h&m including themes of fantasy, thriller, thriller, movie, poster, poster, forty full lines of ink, an insert sheet for the film named in the movie, black and white colors, a detailed matte painting of the movie by syd mead and weta studio, cgsociety, afrofuturism, makoto shinkai, global illumination, vintage sci - fi"
250,make a persuasive ad for h&m including themes of old school competition and thriller,"make a persuasive ad for h&m including themes of old school competition and thriller, biblical, scholarly, sharp focus, by carl spitzweg, ismail inceoglu, vdragan bibin, hans thoma, greg rutkowski, alexandros pyromallis, perfect face, sharply detailed, centered, rule of thirds, photorealistic shading 8 k, minimalistic, fibonacci, sweat drops, insane, intricate, highly detailed, surrealistic,74"
251,make a persuasive ad for h&m including themes of old school ballroom in the museum,"make a persuasive ad for h&m including themes of old school ballroom in the museum, studio lighting matte painting, bold shapes, hard edges, street art, trending on artstation, by huang guangjian and gil elvgren and sachin teng"
252,make a persuasive ad for h&m including themes of old school ballrooms,"make a persuasive ad for h&m including themes of old school ballrooms, fantasy coloring, storybook illustration, afternoon light, complimentary colors, light pink tones, golden ratio composition, detailed, clean lines, flat shading, trending on pixiv"
253,make a persuasive ad for h&m including themes of old school ballroom background and lovecraftian horror illustrated by sally mann and aaron horkey and antoni gaudi,"make a persuasive ad for h&m including themes of old school ballroom background and lovecraftian horror illustrated by sally mann and aaron horkey and antoni gaudi, 8 k, trending on artstation, pastel colors"
254,make a persuasive ad for h&m including themes of pop art and pop myth and ghost in the shell,"make a persuasive ad for h&m including themes of pop art and pop myth and ghost in the shell, trending neighboured : by david lynch, ross tran, thomas scholes and ted nasmith by beksinski and dan mumford by lee bermejo, tocchini, 4 k resolution, nier : automata inspired, bravely default inspired, vibrant but dreary but upflifting red, black and white color scheme!!!"
255,make a persuasive ad for h&m including themes of pop art,"make a persuasive ad for h&m including themes of pop art, pop surrealism, german romanticism adolecent florence nightingale, hd, highly detailed, pop surrealism, by greg rutkowski, by thomas kinkade, trending on artstation"
256,make a persuasive ad for h&m including themes of pop art,"make a persuasive ad for h&m including themes of pop art, pop art, pop surrealism, by norman rockwell giancola and balthus mcqueen greg rutkowski and zdislav beksinski Construction worker in a cyberpunk city, by Feng Zhu, highly detailed, excellent composition, cinematic concept art, dramatic lighting, trending on ArtStation"
257,make a persuasive ad for h&m including themes of pop art vs blank areas,"make a persuasive ad for h&m including themes of pop art vs blank areas, a pop art piece pours the highest resolution into the blanks of the bucket, illustrated by antoine verney - carron and j. lesaffre, trending on artstation, cgsociety, 4 k hd, 6 4 megapixels, 3 d shading, concreteness, well rendered"
258,make a persuasive ad for h&m including themes of anime and manga and books in the hq db shuffle,"make a persuasive ad for h&m including themes of anime and manga and books in the hq db shuffle, concept art sheet, 4 k"
259,make a persuasive ad for h&m including themes of anime,"make a persuasive ad for h&m including themes of anime, movie, and various other unpopularatable pop diva album cover art that are unpopular in general society by karol bak, james jean, tom bagshaw, rococo, sharp focus, trending on artstation, cinematic lighting, hyper realism, octane render, 8 k, hyper  a persuasive ad for h&m including themes of anime and books, 4k, 8k, wow, pinterest, trending on artstation : an impressive 8k high quality symmetrical render like a masterpiece artwork in the style of a masterpiece, very coherent, cinematic, hyper realism, high detail, octane render, unreal engine, 8k"
260,make a persuasive ad for h&m including themes of anime and manga,"make a persuasive ad for h&m including themes of anime and manga, centered on a map of a continent, trending on pixivConceptArt"
261,make a persuasive ad for h&m including themes of marvel comics,"make a persuasive ad for h&m including themes of marvel comics, epic fantasy, stylized image, rough edges, rough illustration, simple color palett by charlie bowater and titian and artgerm, octane render, sharp focus, james jean, anhes, daniel gerhartz,"
262,make a persuasive ad for h&m including themes of marvel comics and dark earth and american history,"make a persuasive ad for h&m including themes of marvel comics and dark earth and american history, ( page ) ) print by greg  a persuasive ad for h&m including themes of marvel comics and arcane, gothic, surrealism, lovecraftian, cold hue's, warm tone gradient background, concept art, first person view, scene in dining room, beautiful composition"
263,make a persuasive ad for h&m including themes of marvel comics,"make a persuasive ad for h&m including themes of marvel comics, ink on paper, fine pen, intricate details, gold and black and white illustration, style of kawase hasui james jean, alphonse mucha, artgerm,Formula, trending on artstation, hd,illustration, 4k,editorial illustration,color scheme,grafitti, surrealism,traditional Japanese colors,in the style of Katsuhiro Otomo"
264,make a persuasive ad for h&m including themes of dc comics,"make a persuasive ad for h&m including themes of dc comics, and tiered books. detailed, high quality, sharp focus, volumetric lighting. 8 k, no duplicate image. provenance. rule of thirds. golden hour. vanishing point. concept art. artstation"
265,make a persuasive ad for h&m including themes of dc comics,"make a persuasive ad for h&m including themes of dc comics, hyperdetailed ink illustration, dramatic line art, hd resolution, 8 k resolution, intricate details, footnot yet fully covered in detail, extremely hyperdetailed, intricate, epic composition, grim yet sparkling atmosphere, cinematic lighting + masterpiece, trending on artstation, very detailed, vibrant colors, Art Nouveau, masterpiece, romanticism"
266,make a persuasive ad for h&m including themes of dc comics,"make a persuasive ad for h&m including themes of dc comics, key art, fantasy art, matte painting, high detail, bold shapes, hard edges, trending on artstation, by huang guangoffs and gil elvgren and sachin teng"
267,make a persuasive ad for h&m including themes of dc comics and arcane,"make a persuasive ad for h&m including themes of dc comics and arcane, fantasy, critical role, historic works, classic masters, trending on artstation, hyperdetailed, sharp focus, cool color scheme, classic, fine illustration, black and white, solid color background, cartoon"
268,make a persuasive ad for h&m including themes of superhero,"make a persuasive ad for h&m including themes of superhero, biblical, holy, law, and scripture. 8 k concept art. rendered in unreal engine. realistic biblical holy!! characters"
269,make a persuasive ad for h&m including themes of superhero tales,"make a persuasive ad for h&m including themes of superhero tales, atmospheric dramatic. trending on  a persuasive ad for h&m including themes of superhero artsy, thriller, thriller concept art, a rough rough rough rough sketch of the characters, costume design for hiperrealism, hd, movie poster by jean giraud and greg rutkowski, giger,"
270,make a persuasive ad for h&m including themes of superhero argumentation,"make a persuasive ad for h&m including themes of superhero argumentation, but the solution to the argument is arbitrary, illustrated by antoine verney - carron and j. lesaffre, trending on artstation, 4 k, 8 k, artstation 3 d render, artstation 3 d, artstation graphics, artstation lighting"
271,make a persuasive ad for h&m including themes of sunsets and/or angle of field and stone,"make a persuasive ad for h&m including themes of sunsets and/or angle of field and stone, (peter mohrbacher, gustave dore, thomas kinkade, alphonse mucha, loish, norman Rockwell, highly detailed, novello"
272,make a persuasive ad for h&m including themes of sunsets and springtime and springtime,"make a persuasive ad for h&m including themes of sunsets and springtime and springtime, oil on canvas, framed, award winning, trending on artstation"
273,make a persuasive ad for h&m including themes of sunsets and dawn,"make a persuasive ad for h&m including themes of sunsets and dawn, finely detailed perfect facial symmetry, amalgamation of leaves and flowers, mystical colors, detailed illustration, spectacular volumetric lighting, intricate, award-winning, sharp details, trending on artstation, pixiv, cgsociety, by alex gray backers, digital art, studio lighting, centered, super highly detailed, professional digital painting, artstation, concept art, smooth, sharp focus, extreme illustration, Unreal Engine 5, Photorealism, HD quality, 8k resolution, cinema 4d, 3D, beautiful, cinematic, art by artgerm"
274,make a persuasive ad for h&m including themes of sunsets and springtime,"make a persuasive ad for h&m including themes of sunsets and springtime, trending on pixiv"
275,make a persuasive ad for h&m including themes of moon in the magical thriller The Scarlet Witch,"make a persuasive ad for h&m including themes of moon in the magical thriller The Scarlet Witch, enchanted fog, foggy river, dramatic scene, full moon, illustration, thick lines, wide shot, golden hour, concept art, digital art, colorful"
276,make a persuasive ad for h&m including themes of moonlight and thunderstorms,"make a persuasive ad for h&m including themes of moonlight and thunderstorms, and cross section of the bible on the table, trending on  a persuasive ad for h&m including themes of moon vs rain and fire, lit only by candlelight, dramatic, elaborate, award winning, masterpiece, sharp focus, extremely hyper detailed, art station, matte, historical painting, unreal engine"
277,make a persuasive ad for h&m including themes of moon rising in the background,"make a persuasive ad for h&m including themes of moon rising in the background, lit by candles, octane render, cgsociety masterpiece, cinematic composition, concept art 8 k"
278,make a persuasive ad for h&m including themes of cinematic movies,"make a persuasive ad for h&m including themes of cinematic movies, dramatic scene, detailed scene, detailed faces, 1 6 k resolution, extremely detailed digital painting, golden ratio, sharp focus, illustration realism, cinematic lighting, artstation, by greg rutkowski, greg hildebrandt, by igor kieryluk"
279,make a persuasive ad for h&m including themes of cinematic movies,"make a persuasive ad for h&m including themes of cinematic movies, the great powers, fantasy, dramatic scene, volumetric lighting, intricate, extremely detailed, 8k, artstation, cgsociety, dramatic lighting, golden ratio, sharp focus, smooth, very correct pictures, hyperrealistic, dof"
280,make a persuasive ad for h&m including themes of cinematic movies,"make a persuasive ad for h&m including themes of cinematic movies, studio photograph, photorealistic, f  good lighting, an harmonic grayish colors scheme, perfect readability, 8 k, magenta colors, bold colors, minimalistic, hyperrealistic, very detailed, trending on artstation, by anton fadeev and john howe 4 k"
281,make a persuasive ad for h&m including themes of cinematic movies. Keywordly illustrated by Artgerm. Detailed pencil,make a persuasive ad for h&m including themes of cinematic movies. Keywordly illustrated by Artgerm. Detailed pencil
282,make a persuasive ad for h&m including themes of kpop idol,"make a persuasive ad for h&m including themes of kpop idol, pop diva, grunge, maximalist, outrun, vaporwave, by greg rutkowski"
283,make a persuasive ad for h&m including themes of kpop idol,"make a persuasive ad for h&m including themes of kpop idol, pop art, hit magazine cover, 1 9 6 0 s adrian smith fashion couture fashion by ilya kuvshinov, hirohiko araki, grim chiaroscuro lighting, illustrated by boris vallejo, game, movie concept art, artstation"
284,make a persuasive ad for h&m including themes of kpop idol,"make a persuasive ad for h&m including themes of kpop idol, pop art style, rough sketch, sfumato, traditional ink, sketch, of key visual concept art, ink, sketch concept art with colored pencil with macro detail, golden ratio, intricate ink illustration, concept art, saturated colors, 8  a persuasive ad for h&m including themes of kpop idol, pop diva, androgynous, by greg rutkowski and kyoto animation, sharp focus, national geographic, award winning, high octane render, 4 k hd wallpaper"